id,first_name,last_name,email,country,ip_address
1,Jack,Meyer,jmeyer0@seattletimes.com,Russia,3.251.233.33
2,Amy,Campbell,acampbell1@scientificamerican.com,China,148.185.30.16
3,Denise,Robertson,drobertson2@liveinternet.ru,Philippines,160.193.190.230
4,Elizabeth,Henderson,ehenderson3@infoseek.co.jp,Cuba,100.185.35.56
5,Richard,Boyd,rboyd4@ibm.com,Indonesia,173.105.43.151
6,Bonnie,Bowman,bbowman5@answers.com,China,172.241.126.143
7,Maria,Fields,mfields6@cmu.edu,Brazil,170.187.18.76
8,Steve,Hawkins,shawkins7@vistaprint.com,China,135.133.212.216
9,Tammy,Evans,tevans8@friendfeed.com,Indonesia,14.86.71.52
10,Randy,Bailey,rbailey9@spotify.com,China,80.242.79.200
11,Jesse,Garza,jgarzaa@netlog.com,Bulgaria,25.22.6.14
12,Sharon,Snyder,ssnyderb@bloomberg.com,United States,166.68.168.47
13,Gloria,Green,ggreenc@xinhuanet.com,Indonesia,58.199.205.28
14,George,Burns,gburnsd@drupal.org,Mexico,166.9.145.190
15,Alice,Hayes,ahayese@friendfeed.com,Nicaragua,84.226.62.43
16,Marie,Snyder,msnyderf@purevolume.com,Thailand,87.88.133.12
17,Judy,Cooper,jcooperg@sakura.ne.jp,Philippines,186.11.97.44
18,Margaret,Peters,mpetersh@w3.org,Brazil,154.150.246.105
19,Louise,Morgan,lmorgani@microsoft.com,China,211.246.232.3
20,Betty,Cruz,bcruzj@cloudflare.com,China,252.225.167.76
21,Sharon,Montgomery,smontgomeryk@vk.com,Iran,82.34.70.31
22,Walter,Gordon,wgordonl@pcworld.com,Jordan,127.32.38.62
23,Arthur,Hicks,ahicksm@qq.com,Brazil,44.40.45.140
24,Jeremy,Carroll,jcarrolln@unesco.org,China,223.207.97.207
25,Ryan,Peters,rpeterso@weebly.com,China,209.153.229.230
26,Joseph,George,jgeorgep@fotki.com,Brazil,208.152.161.27
27,Wanda,Collins,wcollinsq@admin.ch,United States,228.18.235.56
28,Alan,Medina,amedinar@blogspot.com,Russia,116.210.27.148
29,Anthony,Martin,amartins@reference.com,Philippines,247.56.212.178
30,Walter,Hart,whartt@cdc.gov,Japan,63.167.160.231
31,Fred,Rivera,friverau@oracle.com,Vietnam,233.209.40.245
32,Alan,Edwards,aedwardsv@acquirethisname.com,France,181.102.202.204
33,Sean,Ryan,sryanw@netlog.com,Colombia,103.62.190.63
34,Mark,Brown,mbrownx@example.com,Philippines,250.159.236.148
35,Joe,Larson,jlarsony@mail.ru,Indonesia,100.207.77.245
36,Ruth,Hansen,rhansenz@macromedia.com,Ecuador,45.79.30.150
37,Denise,Lawrence,dlawrence10@dell.com,Thailand,33.131.119.70
38,Lillian,Reid,lreid11@jiathis.com,Armenia,9.50.128.37
39,Lawrence,Bennett,lbennett12@globo.com,China,159.16.118.181
40,Virginia,Davis,vdavis13@ihg.com,France,158.252.76.77
41,Heather,Willis,hwillis14@yelp.com,Honduras,226.140.96.145
42,Debra,Murray,dmurray15@is.gd,Portugal,64.188.230.250
43,Lillian,Montgomery,lmontgomery16@is.gd,Russia,76.238.152.158
44,Matthew,Perez,mperez17@google.pl,China,180.94.164.24
45,Ryan,Hudson,rhudson18@a8.net,Malaysia,229.123.30.28
46,Jane,Wright,jwright19@ihg.com,United States,103.169.246.68
47,Gary,Robertson,grobertson1a@dropbox.com,Russia,216.52.195.209
48,Karen,Marshall,kmarshall1b@yale.edu,Czech Republic,13.216.56.11
49,Carl,White,cwhite1c@ycombinator.com,Sri Lanka,71.214.146.75
50,Frank,Mason,fmason1d@nih.gov,Malaysia,101.26.248.123
51,Maria,George,mgeorge1e@liveinternet.ru,Brazil,81.167.71.234
52,Marilyn,Bell,mbell1f@youku.com,Indonesia,200.189.19.231
53,Donna,Fowler,dfowler1g@over-blog.com,China,34.48.11.11
54,Bruce,Ortiz,bortiz1h@privacy.gov.au,South Korea,59.207.191.139
55,Jason,Cunningham,jcunningham1i@slashdot.org,China,205.10.226.79
56,Andrea,Gray,agray1j@liveinternet.ru,Brazil,90.193.160.1
57,Ruth,Harper,rharper1k@hud.gov,Senegal,163.131.152.208
58,Jason,Lee,jlee1l@amazon.co.uk,Portugal,20.236.65.228
59,Ralph,Boyd,rboyd1m@cbc.ca,Canada,70.48.152.51
60,Nicholas,Burns,nburns1n@soup.io,Russia,201.87.113.36
61,Todd,Lewis,tlewis1o@github.io,Indonesia,182.106.245.144
62,Jack,Perkins,jperkins1p@nps.gov,Peru,222.146.199.47
63,Kathleen,Patterson,kpatterson1q@jimdo.com,Poland,139.184.30.233
64,Mary,Matthews,mmatthews1r@bing.com,Brazil,226.209.44.90
65,Cynthia,Lewis,clewis1s@wikimedia.org,Chile,132.251.228.254
66,Sharon,Gutierrez,sgutierrez1t@pinterest.com,Indonesia,216.139.17.168
67,Alice,George,ageorge1u@themeforest.net,Indonesia,64.181.31.72
68,Shirley,Little,slittle1v@geocities.com,China,75.104.27.96
69,Howard,Mitchell,hmitchell1w@goo.gl,Argentina,86.98.136.45
70,Keith,Hudson,khudson1x@google.com.au,Indonesia,180.7.71.100
71,Amy,Johnston,ajohnston1y@ucla.edu,Indonesia,210.195.77.229
72,Judith,Gonzalez,jgonzalez1z@newsvine.com,Indonesia,46.58.40.93
73,Louis,Crawford,lcrawford20@google.it,China,249.59.108.25
74,Joan,Boyd,jboyd21@feedburner.com,Canada,59.111.11.2
75,Teresa,Bryant,tbryant22@hhs.gov,Philippines,159.156.41.130
76,Pamela,Richardson,prichardson23@trellian.com,China,203.27.203.110
77,Carol,Gutierrez,cgutierrez24@imageshack.us,Russia,225.136.90.37
78,Adam,Kim,akim25@cnbc.com,Portugal,96.3.103.29
79,Kathleen,Reed,kreed26@un.org,Greece,81.16.251.95
80,Katherine,Hunt,khunt27@time.com,Micronesia,143.164.59.58
81,Stephanie,Russell,srussell28@chronoengine.com,Canada,208.66.189.215
82,Brandon,White,bwhite29@businesswire.com,China,19.184.95.157
83,John,Vasquez,jvasquez2a@netvibes.com,China,176.109.25.172
84,Carlos,Jenkins,cjenkins2b@goo.gl,Armenia,21.204.23.219
85,Matthew,Ramos,mramos2c@hatena.ne.jp,Egypt,117.60.11.161
86,Marilyn,Schmidt,mschmidt2d@goo.gl,Russia,56.176.87.211
87,Janet,Reid,jreid2e@google.co.jp,Mexico,236.166.125.66
88,Doris,Richards,drichards2f@rediff.com,Sweden,30.185.105.137
89,Rose,Fowler,rfowler2g@bloglovin.com,Ukraine,246.96.152.238
90,Shawn,Stevens,sstevens2h@shutterfly.com,China,185.176.167.111
91,Donna,Cox,dcox2i@last.fm,Russia,206.132.228.80
92,Justin,Green,jgreen2j@a8.net,China,162.230.73.72
93,Christine,Anderson,canderson2k@tripadvisor.com,Russia,213.72.218.145
94,Susan,Freeman,sfreeman2l@dyndns.org,United States,149.75.122.175
95,Shirley,Hart,shart2m@sina.com.cn,Poland,3.181.225.121
96,Jacqueline,James,jjames2n@delicious.com,Portugal,81.190.141.42
97,Russell,Carter,rcarter2o@nih.gov,Portugal,43.163.148.231
98,Tina,Fowler,tfowler2p@joomla.org,Indonesia,65.204.146.177
99,Jose,Wright,jwright2q@simplemachines.org,Namibia,184.135.68.239
100,Marilyn,Gilbert,mgilbert2r@blog.com,Philippines,36.103.174.228
